seed,sharpe,max_drawdown
42,0.29217656936753994,-0.19296351360123865
123,0.2806579969409464,-0.16698626960208862
456,0.13742912864001855,-0.20001336845780804
